taskname,hololens,euclideanError,recalibratedEuclideanError,cosineError
calibration,A,7.406451449311706,4.3115823171049765,7.314885230775771
calibration,A,5.569849263991378,3.7046852920073166,5.434137308893916
calibration,A,8.2472066698075,3.9122202454249675,8.038199229679499
calibration,A,7.766793497517323,2.2491309836048066,7.5746889109866995
calibration,A,11.433634140800871,2.3320754531875814,11.100621657090707
calibration,A,14.364968875986762,2.236858042797836,14.007782805434617
calibration,A,7.065571748410119,2.45968485949247,6.916286214558505
calibration,A,9.52877952075965,4.6658812821160085,9.292551588277616
calibration,A,3.5218710931403967,1.3860421172392041,3.4481490072282646
calibration,A,5.808082341885804,2.405223140685185,5.662060902837032
calibration,A,4.49297115985028,3.840457697923992,4.387490506508156
calibration,A,1.940441193729635,2.9327042138006423,1.9079091285609537
calibration,A,10.064636704040844,1.519828346335564,9.824967282380534
calibration,A,10.390310184420946,3.4885535811534334,10.12844724556036
calibration,A,7.056832422997594,5.116281266347537,6.89840206888362
calibration,A,7.297123391761288,6.077590132685181,7.167320543688449
calibration,A,8.433566309593864,2.325536620108061,8.227210270297192
calibration,A,6.153205942275525,2.1963566261403358,6.012830635994966
calibration,A,2.130422665712205,2.800812918467884,2.0970416164332666
calibration,A,3.063270363453801,3.479170330452966,3.026283683430343
calibration,A,7.767722041598634,2.3083122573232435,7.609479243687914
calibration,A,9.617893577985003,1.9164383809335306,9.374015384943348
calibration,A,8.04688548628083,3.21298290849765,7.837273901511007
calibration,A,4.6165858597349825,0.8276994357319202,4.50968818186592
calibration,A,8.914051583854205,5.048092455124371,8.69367518981501
calibration,A,6.271775751695996,3.271222942636311,6.127919657490071
calibration,A,8.091675381913774,3.95751565902386,7.982815523340529
calibration,A,9.553520623509097,5.455960011595608,9.440679289530038
calibration,A,10.08045712820468,2.897546396387446,9.852933155635242
calibration,A,9.852398054186402,2.5926288242679285,9.57608749377732
calibration,A,5.933914610110139,4.929409043922962,5.809242594823234
calibration,A,3.569938659582627,2.364220834345582,3.5302555207323367
calibration,A,7.641718578575295,4.529142325266409,7.456552024852288
calibration,A,5.246895667460102,2.1648655667455805,5.140751108504468
calibration,A,4.329154582188816,5.619802388706399,4.240629781029337
calibration,A,9.720476960383017,8.409963922613713,9.544752246599103
calibration,A,3.4655580902588294,2.251054972666087,3.3853324514769088
calibration,A,1.682718053693862,4.036271222912102,1.6596420815075563
calibration,A,22.684041854248605,11.609935834861973,21.71803716352249
calibration,A,15.663811435548679,3.320854370264288,15.273358564624775
calibration,A,2.136549810878242,2.073431748243083,2.0827247873273773
calibration,A,4.754538501568903,1.8000116086671423,4.645583710181578
calibration,A,15.790041828179861,2.8542757836154915,15.384203123028605
calibration,A,16.32157001678261,3.6518954821496203,15.89864804670068
calibration,A,1.0030093659968617,2.072599904619791,0.9861248474256767
calibration,A,6.92373852596362,5.486493717170755,6.822953995591346
calibration,B,7.1502460466402695,3.2189099251875204,6.965941224375569
calibration,B,4.887436582904867,1.5434205315828105,4.775177995004336
calibration,B,13.069982692700348,3.523840516671337,12.691158677241233
calibration,B,14.610362618012866,4.478063890827997,14.218264688282568
calibration,B,2.0866454802271774,2.2740458121828033,2.0421002168799207
calibration,B,7.923203081190067,7.7476134139055235,7.734614374630043
calibration,B,13.044310728113068,2.307353546438816,12.744002553701247
calibration,B,13.935105204489094,2.1437426076335213,13.582494126898009
calibration,B,12.576321697446412,3.445641510108028,12.254070809108558
calibration,B,14.107364369985355,2.777503891750277,13.787950084480615
calibration,B,6.924408522252813,5.2464989848913985,6.752077221085067
calibration,B,5.358506220084713,3.9173281879503397,5.247928032379115
calibration,B,4.190824439466848,4.081829463333045,4.100056889508453
calibration,B,7.752296753481347,1.6082885543598635,7.583158466872727
calibration,B,8.8593667467041,4.552534841510324,8.661778924385334
calibration,B,9.316657515094148,4.964133760829045,9.09590511880547
calibration,B,8.476217083454037,8.8564522575281,8.323903297899717
calibration,B,9.513846014853513,2.655653462492694,9.270273099218764
calibration,B,6.690758932938728,2.53903828493603,6.5300949594798015
calibration,B,5.211296150852215,1.0568587847631337,5.099511919983834
calibration,B,11.20974843543237,5.848426359421938,10.896553144529099
calibration,B,9.482597492210916,4.192911634009509,9.227070612330728
calibration,B,3.061029999564498,2.2741920502363753,2.9903206423073563
calibration,B,2.868478881970799,1.622630418347153,2.8274432693564697
calibration,B,11.517561051158458,4.341770814436645,11.181317969902489
calibration,B,17.335837156463267,3.993384517121368,16.82119837516958
calibration,B,8.025950461763516,4.241358384759268,7.91584390392968
calibration,B,4.054657050559158,3.119479248366265,3.9719502759976146
calibration,B,7.358569633293291,6.247913611805039,7.167165035255287
calibration,B,8.909671942523788,6.896074935907293,8.673825286375523
calibration,B,22.89399974734768,2.8713495264995355,22.34607049539229
calibration,B,22.974303061877,3.5310561885425975,22.27853885971857
calibration,B,4.488962088995188,3.6111407704766996,4.393259224591589
calibration,B,11.303717993158873,6.260534844411445,11.067286659327847
calibration,B,24.86220166863082,3.6938633689471265,24.120433508886574
calibration,B,18.89007273968811,4.748295357747974,18.405509793549474
calibration,B,9.212187334259925,3.4161370979452,8.973161324922978
calibration,B,8.21332599466068,2.728907540099671,8.019108523689885
calibration,B,6.88485846588798,4.34646240446851,6.732662453486409
calibration,B,7.845911581834902,2.3235601146739193,7.6557350505071735
calibration,B,4.926678782412536,3.6038801391164306,4.801713546530193
calibration,B,4.219692849214707,4.176026990768799,4.121147962851256
calibration,B,7.0724889191409215,2.2723928747794604,6.907354197415603
calibration,B,6.471428857914774,1.8811225973230603,6.317652077871405
calibration,B,4.233185259871864,2.2306279794525956,4.139438643977776
calibration,B,12.775407682811291,5.75438839628037,12.55509091697326
ssHeadConstrained,A,11.82260662873523,3.786066553456924,11.571138688339328
ssHeadConstrained,A,5.6858374504165115,3.770264571323556,5.63710546405081
ssHeadConstrained,A,8.72414453668437,1.4847325980511874,8.536535274549603
ssHeadConstrained,A,9.527584254015123,1.511942416313322,9.331864120031664
ssHeadConstrained,A,10.359862158006255,2.831463173465686,10.133089051878992
ssHeadConstrained,A,15.414084185608429,2.8170139012324844,15.086989341792902
ssHeadConstrained,A,3.5228989067596155,1.641761714551369,3.445401816604254
ssHeadConstrained,A,6.520080397734692,1.7523628927956234,6.3892098661480565
ssHeadConstrained,A,3.673341330274581,1.243934061914474,3.606554441050856
ssHeadConstrained,A,3.9774973283020025,1.029535302638798,3.902944852189482
ssHeadConstrained,A,5.169504107696744,3.039002569214927,5.0550676156084045
ssHeadConstrained,A,4.163990387318883,3.598493646118845,4.125526067518854
ssHeadConstrained,A,10.017307202557376,1.3302408311184502,9.78594891826259
ssHeadConstrained,A,7.683828270119759,1.4577470438481361,7.509591587162482
ssHeadConstrained,A,6.048649220331193,2.4876297878690274,5.948321816714486
ssHeadConstrained,A,7.61282833266192,2.473330882373159,7.438667270605504
ssHeadConstrained,A,8.114835568575268,1.7208273602205995,7.9494311271063385
ssHeadConstrained,A,7.522879775679965,2.1337008168420346,7.374837174209164
ssHeadConstrained,A,1.9472658098597597,1.3527291435986768,1.9272481846227554
ssHeadConstrained,A,1.5928472427956035,1.383721141584806,1.5690799094633854
ssHeadConstrained,A,8.303718405189844,2.248399397112913,8.148913603839786
ssHeadConstrained,A,9.411986259001374,2.232108328498227,9.232877545733135
ssHeadConstrained,A,6.4555378230966,1.4246419548841618,6.322811744491883
ssHeadConstrained,A,3.931246456561429,1.8250531283989018,3.860496734641757
ssHeadConstrained,A,4.335528533015219,2.07628943960092,4.27647005083937
ssHeadConstrained,A,8.372824620374807,2.4484614342846194,8.245159044331858
ssHeadConstrained,A,3.776317639832318,1.343132336616058,3.7423660548711797
ssHeadConstrained,A,4.978983023527829,1.011223143099179,4.940517440769253
ssHeadConstrained,A,13.466645586396597,2.3499195024162938,13.178677644788161
ssHeadConstrained,A,8.635601841833672,2.5206086769575835,8.464949312511038
ssHeadConstrained,A,3.562993640198796,0.9242170432991629,3.527325376991265
ssHeadConstrained,A,2.2757913418496183,0.7918001438210565,2.2561088376340397
ssHeadConstrained,A,4.06513903672505,1.3509163016241164,3.9926273949520463
ssHeadConstrained,A,3.8637608052610406,1.5162615143857021,3.8301252639949204
ssHeadConstrained,A,5.045667329512296,4.42364662777718,4.940569233318268
ssHeadConstrained,A,7.640096060164867,4.658449119312914,7.487292392735551
ssHeadConstrained,A,2.933136348439738,1.1092492956130482,2.8786833639529994
ssHeadConstrained,A,4.527727250660719,0.9938521273557347,4.459486323350126
ssHeadConstrained,A,14.49153000931816,1.1646523321930318,14.157958184853403
ssHeadConstrained,A,14.648109631974378,1.1877619651526168,14.33587182122653
ssHeadConstrained,A,3.792548706035702,1.3600256462994198,3.7144647253557785
ssHeadConstrained,A,4.155205796425503,1.1701963379924178,4.061423536490373
ssHeadConstrained,A,13.62977565373499,0.6797615755313892,13.342408867303067
ssHeadConstrained,A,13.960566633279267,0.5694380001162632,13.666165463820363
ssHeadConstrained,A,5.114650617662818,2.6825278361334055,4.999837193973433
ssHeadConstrained,A,2.0541970043200912,2.7225011672011084,2.0183075059509346
ssHeadConstrained,B,4.418872365407865,1.4031801619853135,4.3259606447019685
ssHeadConstrained,B,3.9087811358057123,1.3752288420878753,3.850856832007442
ssHeadConstrained,B,6.771385014586447,3.079039614823729,6.618885329284297
ssHeadConstrained,B,12.251597083021961,2.6269737035992553,11.975500799512925
ssHeadConstrained,B,2.5062799446095125,2.413555781738759,2.4695802352471805
ssHeadConstrained,B,3.4605452861333124,3.4969053880735834,3.4185998553251933
ssHeadConstrained,B,12.621663814416234,1.7404063191034678,12.349587074606852
ssHeadConstrained,B,14.33698195032697,1.1763259779215842,14.025689333332373
ssHeadConstrained,B,11.307185092731844,1.414333699266905,11.055672925314536
ssHeadConstrained,B,12.30595967783694,1.300629375077052,12.032622888990824
ssHeadConstrained,B,3.4241053227203313,2.1503984177610223,3.3695303485563626
ssHeadConstrained,B,2.1101588566330913,2.1881280997513555,2.0899061175484595
ssHeadConstrained,B,9.187340634075488,1.7382603852858967,9.011311480554646
ssHeadConstrained,B,7.4661749979325736,1.7655074665827228,7.326441774070866
ssHeadConstrained,B,3.8353458808206957,2.2040275955458006,3.762215903733771
ssHeadConstrained,B,6.78577133995967,2.1363075648082512,6.645435579254345
ssHeadConstrained,B,8.73260690164085,0.8168845327942004,8.57496984995307
ssHeadConstrained,B,8.35157762904626,0.694592625708425,8.196934339323505
ssHeadConstrained,B,6.4474918258856695,1.338399446457962,6.311961048373535
ssHeadConstrained,B,5.023500806311865,1.3206540428040268,4.9328327723108485
ssHeadConstrained,B,10.205404037389338,1.3538393222749399,9.989972078649147
ssHeadConstrained,B,8.237673938009257,1.156392230956993,8.07561560432168
ssHeadConstrained,B,4.617002806035548,2.8428436541240742,4.527218386004578
ssHeadConstrained,B,3.946390353939306,2.9078063358455934,3.9074365320523707
ssHeadConstrained,B,15.90271051772546,3.8710777378880756,15.548812361656717
ssHeadConstrained,B,17.78460060834516,3.117761076823466,17.36305909183022
ssHeadConstrained,B,6.1099237094234535,2.09708548385115,5.968406450553263
ssHeadConstrained,B,7.0545998089048325,2.386531852550835,6.9030990785980535
ssHeadConstrained,B,5.413797679042427,2.161999661402499,5.341621753352928
ssHeadConstrained,B,2.147877440864754,1.9898114074981261,2.1227589147924624
ssHeadConstrained,B,20.306367355071828,1.5092272905763124,19.852637537823977
ssHeadConstrained,B,22.617321545937997,1.3532118658513577,22.122492037504504
ssHeadConstrained,B,9.630241616831748,2.6393964284224,9.434579805823725
ssHeadConstrained,B,3.7464005486795857,2.650060355176258,3.670168780282168
ssHeadConstrained,B,16.1611003229027,3.430677922496248,15.785294652700175
ssHeadConstrained,B,24.80781495067612,3.5074413310460053,24.246141419734503
ssHeadConstrained,B,5.0471135227315855,1.092837513784051,4.953963005374407
ssHeadConstrained,B,6.818445805151915,1.0943799504581542,6.680975307147734
ssHeadConstrained,B,7.681622865414588,0.804229807637195,7.525716813101206
ssHeadConstrained,B,8.315995170851886,1.071259069934051,8.151176405435258
ssHeadConstrained,B,5.515850139232634,2.8405999022789614,5.449997561841821
ssHeadConstrained,B,9.76773230312881,3.9168608116923282,9.554138241160986
ssHeadConstrained,B,5.705665971268383,1.1688227178573203,5.590593091792117
ssHeadConstrained,B,4.4263156166317685,0.9434817029757281,4.336384831687284
ssHeadConstrained,B,3.7007276101148356,2.812431031346315,3.6445457540614887
ssHeadConstrained,B,9.434458057799358,2.6019575419195995,9.242063704620687
wsBodyConstrained,A,28.90717282769959,25.076243558415943,27.93065523667989
wsBodyConstrained,A,25.053406177801406,22.005491033451985,24.016814162837832
wsBodyConstrained,A,19.597638487152366,20.33833561802616,19.131533040199887
wsBodyConstrained,A,20.09621249488081,20.975785573397292,19.680995311319258
wsBodyConstrained,A,23.118872793203817,21.975956225527717,22.469313178789793
wsBodyConstrained,A,26.123843061670755,24.53183266630357,25.303763993809824
wsBodyConstrained,A,26.512759235843983,24.880309173816244,25.602694154988765
wsBodyConstrained,A,23.317010915585247,21.982089862180477,22.58600698405614
wsBodyConstrained,A,30.905100130347897,30.81287233141952,29.876568996250125
wsBodyConstrained,A,26.550755853534156,26.509195845444047,25.884251071485945
wsBodyConstrained,A,25.236209863392943,21.91123555258724,24.36086411416009
wsBodyConstrained,A,26.639513029233477,23.392317219321537,25.764541713498577
wsBodyConstrained,A,22.97506496588952,22.036024503611053,22.43584032606335
wsBodyConstrained,A,26.049920247464655,25.039529320841044,25.314560635093983
wsBodyConstrained,A,22.24732818265002,21.652406914495597,21.308526009741296
wsBodyConstrained,A,27.541304287638052,27.154876544567493,26.56423383906982
wsBodyConstrained,A,28.63188192813854,28.717308692649613,27.671706356417918
wsBodyConstrained,A,28.023401786520775,27.437119431811528,26.98505107787972
wsBodyConstrained,A,21.535471618032133,20.38537726442865,21.034450937116695
wsBodyConstrained,A,23.433609872381716,22.150158650374305,22.760116109568415
wsBodyConstrained,A,22.160532157721335,21.971893108633328,21.577592135093465
wsBodyConstrained,A,21.8177237819101,21.68475103318437,21.224883685058618
wsBodyConstrained,A,28.22632754442796,27.908577782187383,27.294367354735602
wsBodyConstrained,A,27.04800715106551,26.70529085591883,26.17359078534333
wsBodyConstrained,A,19.208778810539002,18.51858320629117,18.771133542426988
wsBodyConstrained,A,16.703491056899516,16.727455215366295,16.32762006213123
wsBodyConstrained,A,31.388320961816998,30.298727007181455,30.137012054788862
wsBodyConstrained,A,29.874822274223884,28.769969415413303,28.76865269620763
wsBodyConstrained,A,25.391534024289417,25.86493399115695,24.499729053215237
wsBodyConstrained,A,22.72165763874752,22.45164387933518,22.18695785036115
wsBodyConstrained,A,26.85043652475525,25.934922647578507,25.82578613708288
wsBodyConstrained,A,26.058303950419603,25.12855304838362,25.115998656723978
wsBodyConstrained,A,19.811265041239846,18.52870221321975,18.851217649435494
wsBodyConstrained,A,19.88771717869084,18.230406466739954,18.884243877255397
wsBodyConstrained,A,19.47181226707144,15.980913692965332,19.160245972752126
wsBodyConstrained,A,20.408528061620768,16.622540445322645,20.040895409076327
wsBodyConstrained,A,24.118619394870418,22.710075890359196,23.41178936520009
wsBodyConstrained,A,26.913037998247674,25.289472727397982,25.86443163514736
wsBodyConstrained,A,26.17474680390983,26.104510431688766,25.194729559613968
wsBodyConstrained,A,23.813350838424697,24.45976037067089,23.055955058444997
wsBodyConstrained,A,25.565571901596606,24.415035978748982,24.770993302815246
wsBodyConstrained,A,24.03526604512949,22.806791383509005,23.324928727079783
wsBodyConstrained,A,24.46303984237259,25.025724583426612,23.743369646586512
wsBodyConstrained,A,30.089409742832963,29.917648999877894,28.804906747071424
wsBodyConstrained,A,23.37701036207636,20.66970488401183,22.618156944055134
wsBodyConstrained,A,24.12060340338701,21.111839460808707,23.161074889879174
wsBodyConstrained,B,30.542179381879045,30.06057423078254,29.103723623699583
wsBodyConstrained,B,28.01620238685308,27.575534659266285,26.661280629833776
wsBodyConstrained,B,29.14127554946105,25.05699151086202,28.05637049713193
wsBodyConstrained,B,27.945197722664084,24.108491785505734,27.06778679004925
wsBodyConstrained,B,23.627452365783867,20.670754328074192,22.555078077668405
wsBodyConstrained,B,26.415367138611828,23.355586247184217,25.328381778818347
wsBodyConstrained,B,24.62532949562008,24.34352020923277,23.746845133282413
wsBodyConstrained,B,24.862579413352904,24.820081535717136,23.92578690976296
wsBodyConstrained,B,22.15429778456152,23.587059932952556,21.710382993512138
wsBodyConstrained,B,24.641739412220588,26.423195156416565,24.04597580188862
wsBodyConstrained,B,22.30543384237307,21.014748156579717,21.310725228837605
wsBodyConstrained,B,23.75824870334785,22.468505647545975,22.7674675557915
wsBodyConstrained,B,28.03867943406586,27.85179540696452,27.00474115866404
wsBodyConstrained,B,27.111730192877555,27.5096054895614,26.024592116898518
wsBodyConstrained,B,26.107352393578367,23.4631994285913,25.207742134297845
wsBodyConstrained,B,25.699854458974823,22.90232781471797,24.793607809396985
wsBodyConstrained,B,26.71161182720226,23.81886389138495,25.66554185050986
wsBodyConstrained,B,27.69423483631199,24.96988331375106,26.375984625805575
wsBodyConstrained,B,21.61551152412474,20.922326619440607,21.121430899941092
wsBodyConstrained,B,19.797134698126087,18.911501176868118,19.274583264760818
wsBodyConstrained,B,22.33362148595598,22.809527362433446,21.68228322662138
wsBodyConstrained,B,25.650398040932878,25.9747029165847,24.76941622618739
wsBodyConstrained,B,25.947110378004982,23.325912438591498,25.21376653488538
wsBodyConstrained,B,25.664841271063164,22.82431285411869,24.844647898195156
wsBodyConstrained,B,23.988998437216992,21.221843274047142,23.211828397261616
wsBodyConstrained,B,25.959574050088545,22.043604831430798,25.021456690565543
wsBodyConstrained,B,22.652575731440553,20.491802852850174,22.01953994266752
wsBodyConstrained,B,26.113540166382098,23.010927229526715,25.163969990943876
wsBodyConstrained,B,14.877200033136806,13.821058755192707,14.39200785358462
wsBodyConstrained,B,21.77962456065017,20.2002218636726,21.18653058966441
wsBodyConstrained,B,22.49189065887031,21.011286348934355,21.756046082987268
wsBodyConstrained,B,22.51736009741209,21.90921241167917,21.61671271624507
wsBodyConstrained,B,24.741405153242944,23.58657811244987,23.907050837616637
wsBodyConstrained,B,24.991522737176627,24.41708328984095,24.14635353698253
wsBodyConstrained,B,19.331888945367353,19.784580657123872,18.85304311111497
wsBodyConstrained,B,18.468440371245144,21.748209658256602,18.054250718995164
wsBodyConstrained,B,20.201004538973027,20.01636217455747,19.55209773046017
wsBodyConstrained,B,21.096703508367074,20.7708456184299,20.50254001942672
wsBodyConstrained,B,24.154619726457312,25.953284858483272,23.423155680896695
wsBodyConstrained,B,24.72634081702706,26.188565224602733,24.013658898437086
wsBodyConstrained,B,23.88976371728896,19.47153320679203,23.005506235495798
wsBodyConstrained,B,21.849710456656883,18.271007254643422,21.108859003297788
wsBodyConstrained,B,23.827708751991956,24.495431167672926,23.243958144837663
wsBodyConstrained,B,20.798651802232797,20.90269906102082,20.039323124398617
wsBodyConstrained,B,21.794382167520514,20.386333630189174,21.084818817219656
wsBodyConstrained,B,21.090530373349104,19.55232114758388,20.4227201859782
ssWalking,A,64.87998304367781,56.25137220637573,87.32342298037202
ssWalking,A,60.99737012657919,54.333125596729175,85.03709493716838
ssWalking,A,62.73301000353131,60.25617016377886,90.79800847462047
ssWalking,A,61.11759506853301,57.46755135028396,87.40841795118617
ssWalking,A,60.99182498088248,55.17705463339858,89.75232454923488
ssWalking,A,59.997257412780456,57.07705110383336,89.5304595252863
ssWalking,A,59.40291738433192,55.55802370819139,84.13102506278078
ssWalking,A,60.44003328563983,56.50838196807645,86.14511938243832
ssWalking,A,58.680749909437125,56.671222740932585,87.29929473821187
ssWalking,A,58.67296853040874,56.2485127934948,87.71927343697773
ssWalking,A,58.76758849409513,50.71287351865698,86.86450069179048
ssWalking,A,59.09522005702312,52.7468146474301,84.67325736231206
ssWalking,A,62.11604089211358,56.78243483035681,88.65374295596116
ssWalking,A,58.37225507576638,53.31107319280235,91.72900313212496
ssWalking,A,62.82324100536096,59.01946334940695,88.0968200484202
ssWalking,A,67.69313101969134,63.9066784022957,84.87675025869008
ssWalking,A,59.32503559280589,55.625346037336996,89.08506575663438
ssWalking,A,55.88739342794788,52.898027017682615,91.5311977919016
ssWalking,A,57.515492131952236,55.10459229878164,89.21866375859382
ssWalking,A,56.879648307892474,54.411610140644015,88.08695424944115
ssWalking,A,62.31196413403213,60.0721165452987,86.76736882158306
ssWalking,A,63.90018579666213,62.08936553002091,85.15694841438298
ssWalking,A,56.47178178618901,54.7780275613191,87.62816080045442
ssWalking,A,57.22117772019112,55.08145491729653,87.19932739461623
ssWalking,A,58.268174298488965,56.226142941264776,88.93371401276694
ssWalking,A,63.99155335586634,62.57314748410419,88.22084414660154
ssWalking,A,57.14901608618601,57.479676462751456,90.44749639815409
ssWalking,A,57.500592332334364,57.63839390907594,90.48121642726203
ssWalking,A,57.94712789531103,53.428504787391226,91.12220714583947
ssWalking,A,60.0577427207642,55.21893497040303,93.51409748023013
ssWalking,A,62.89818820892629,60.356622204946014,90.63602242834135
ssWalking,A,61.17670496910042,58.799418056423875,89.4458080381805
ssWalking,A,57.19579497547997,54.556976512930895,89.43418199442125
ssWalking,A,57.76156534932721,54.7944101029946,89.99513184124635
ssWalking,A,58.4802430966328,50.39821837543089,85.15737621561586
ssWalking,A,56.958717903902134,49.65610781474736,89.50071105979606
ssWalking,A,61.101441627022616,57.89543795364929,89.79022287599659
ssWalking,A,59.43918549524848,55.54516220677681,88.52350027206819
ssWalking,A,69.42075861720897,67.85132518343052,85.49356930312393
ssWalking,A,65.82295527198735,64.64512725455906,87.53537851302936
ssWalking,A,58.63961154603972,55.488066169343604,88.83001293092094
ssWalking,A,56.4418517332853,53.67992108745507,93.46469951387502
ssWalking,A,70.01055340351267,68.07068618655184,86.1426221575955
ssWalking,A,67.05224305336418,63.56451989724852,89.95406507357693
ssWalking,A,65.65663498194259,58.93824966849265,84.18314565779798
ssWalking,A,64.76521364844166,58.24211135307471,86.30511179758197
ssWalking,B,58.803649434269126,57.1977268009187,83.94554272132022
ssWalking,B,58.66319049525493,56.18179678856151,92.39530529983298
ssWalking,B,60.273738802748554,54.17930355169672,86.23666572085283
ssWalking,B,59.58846935760144,52.81159930545419,88.46206829295988
ssWalking,B,57.8915938156997,52.7288451122546,86.16783030862992
ssWalking,B,54.37624283668586,49.50372400458453,90.0139602319127
ssWalking,B,61.14368931237632,58.06286711406352,88.75974426828971
ssWalking,B,62.20637882700747,58.65001636005412,87.93104224427053
ssWalking,B,58.352609292463356,56.127840761382515,89.01880265900112
ssWalking,B,60.496955602122775,57.817581491081455,88.87117809453964
ssWalking,B,61.59890969583337,58.310753104278525,90.84773336004008
ssWalking,B,63.72119538720468,60.3209522113176,90.35477052325908
ssWalking,B,59.30490108011135,58.42227385371612,84.84581257939247
ssWalking,B,60.9825918389409,60.089525213895584,85.32499840459599
ssWalking,B,57.76938488718307,51.76465185676388,85.52803235981702
ssWalking,B,58.56702223516083,52.30824658713098,86.73757056794125
ssWalking,B,61.35851161967969,59.98857794018423,90.76053728801698
ssWalking,B,58.85356399718828,58.35718893667721,88.35016500514911
ssWalking,B,61.392536835623524,58.902303503295336,85.48604196528925
ssWalking,B,60.95070382773007,58.681399542125725,89.31001080666171
ssWalking,B,59.86664835840756,58.19685088953565,87.14976402664338
ssWalking,B,59.10785891739502,58.46439589416705,87.96550335195678
ssWalking,B,59.733460475247185,54.88732273812136,86.48618989250883
ssWalking,B,60.36545246599719,55.60887881109721,87.08891907888531
ssWalking,B,72.06183521649263,58.70422682479472,90.3909342158098
ssWalking,B,72.23755057091354,59.60097776743138,93.45992611741873
ssWalking,B,52.69952765320297,45.38440812620027,80.27025994659789
ssWalking,B,55.848171125406544,48.975293360643136,78.36620923365805
ssWalking,B,54.494089719490844,50.782040516879526,90.8800045891792
ssWalking,B,54.294061473869,50.81926666983338,84.66344582479212
ssWalking,B,65.11052496063479,62.16209018154008,85.58350719509335
ssWalking,B,61.5711934737432,57.72970780232643,85.49157452080505
ssWalking,B,57.531744866345015,55.85105185572273,87.87617338459603
ssWalking,B,58.603421418699604,55.751903386150715,89.06283119939883
ssWalking,B,60.48639929497718,53.81653699861193,88.30079174601448
ssWalking,B,62.9006380506635,56.092766158273996,89.29585278624769
ssWalking,B,59.50672404785124,56.63877055809741,90.05555823618425
ssWalking,B,62.138381375308434,59.46351827225685,87.66996099036518
ssWalking,B,57.597757523752165,58.369409888367194,87.82640212110256
ssWalking,B,59.25938610861686,59.34756345454626,90.19417938577398
ssWalking,B,62.99911704103354,55.20004235229565,91.77283775174259
ssWalking,B,58.91987338619623,52.732395621873884,87.88641161272541
ssWalking,B,57.431103435875556,55.96869076745101,89.31798750430505
ssWalking,B,58.742306278537676,57.15303705505765,86.27628506574213
ssWalking,B,61.353397366893574,58.7142421879828,90.13493514353955
ssWalking,B,61.29054579812889,58.15707350049832,87.48586238208422
wsWalking,A,54.13070946299351,48.891656513426376,87.74376542517335
wsWalking,A,55.82174558682378,48.15136165051834,87.25706381156122
wsWalking,A,57.10499754436557,54.376124599443344,87.86246449201994
wsWalking,A,60.0452737998181,57.331604745144034,89.47501786557837
wsWalking,A,60.455395366719706,55.28676020638726,85.24823020610746
wsWalking,A,57.35947963725355,51.266231016091275,90.44950911643086
wsWalking,A,60.946850184276926,56.8732235018695,89.12790025150471
wsWalking,A,61.4220449247784,57.52114137787718,86.21138040503627
wsWalking,A,56.28282916270716,53.353290358656814,87.44112072588469
wsWalking,A,57.783644577877915,54.723019168061064,89.83425066513966
wsWalking,A,51.353631910725774,44.979587691451464,86.31356289387922
wsWalking,A,52.49407321873202,45.94921204660814,92.54831360338882
wsWalking,A,56.237150269846225,50.84837318137088,92.12227797947374
wsWalking,A,54.823041073687214,49.05356323050602,87.62122857041214
wsWalking,A,55.46087066252826,51.63373347814606,87.80370535090714
wsWalking,A,54.40028147218892,50.92665263342292,84.15901715385525
wsWalking,A,56.797866311597225,53.715690586292894,84.63485886243943
wsWalking,A,57.174692776691664,54.028074528462525,87.53063242238338
wsWalking,A,56.915041020939206,54.26094406810316,87.28095556194009
wsWalking,A,57.28777450254457,54.542368285444304,85.37012962821704
wsWalking,A,60.14981880602071,58.205979113413136,84.97969959290548
wsWalking,A,59.899105682308985,56.93538815383354,91.55897740603592
wsWalking,A,59.41150509490475,57.47650225476942,85.58798903045155
wsWalking,A,59.59962928073202,57.77555793236631,85.11289644144091
wsWalking,A,60.983339291312895,58.9645082974742,89.44250274324466
wsWalking,A,60.926700818893245,59.31371641889476,85.1835072676263
wsWalking,A,53.552146834527974,53.83219597339578,89.76185741787802
wsWalking,A,52.26167037549229,52.09308392134005,86.95870302122621
wsWalking,A,56.143788443092944,51.56104063053641,85.76158631862575
wsWalking,A,56.24850915588311,52.414417265891856,89.10665066585084
wsWalking,A,54.077911592902424,52.074774268334,87.15506637320783
wsWalking,A,54.74562880367311,52.723853448358845,88.76188118636676
wsWalking,A,62.90312835208512,60.11291695622415,89.271946235542
wsWalking,A,63.198753587354574,60.4491008319148,86.76971358667898
wsWalking,A,59.72305454046285,48.7042861412811,81.70363813070084
wsWalking,A,59.37727664396002,48.654358871601005,86.8690460930117
wsWalking,A,61.92943485043307,58.46279227948502,86.13107017968105
wsWalking,A,58.17109401625627,55.172981575791724,87.19559405933003
wsWalking,A,62.14677745040564,59.97284939997278,88.47183522298403
wsWalking,A,56.91249536577298,54.28953009075493,89.56236194165979
wsWalking,A,59.42663857019448,56.239532418675374,84.42375618803324
wsWalking,A,60.05708299469521,56.88586909608706,84.60958985323889
wsWalking,A,59.98303362298245,58.21967151331643,91.85023024640375
wsWalking,A,58.888582259207354,56.9971497542507,93.72787217973512
wsWalking,A,56.207312586121205,50.38531823768642,88.70430210598926
wsWalking,A,55.024874901305914,49.28780978639781,90.1784082923052
wsWalking,B,56.02065719122506,54.149428069964664,85.94476361115447
wsWalking,B,56.17623421762156,54.25756674728943,85.43205102633812
wsWalking,B,61.401701750136034,52.61397370565049,88.2508104285973
wsWalking,B,61.44481407895367,52.419369552931464,88.71274685422186
wsWalking,B,60.60000946618237,55.16572134616573,84.05509824326688
wsWalking,B,58.75256201309732,53.50025076337846,84.97761631400063
wsWalking,B,62.08388215376997,58.2765321180911,89.49185488702328
wsWalking,B,62.6399774822159,58.71469192082122,89.70102273342437
wsWalking,B,60.576561302822356,57.84320799613641,83.78031239941896
wsWalking,B,58.851057220478204,55.10628824697973,85.32482165444851
wsWalking,B,62.17554030113359,59.17277610964344,82.08489404360911
wsWalking,B,60.32686905129178,57.52186027869808,85.51446156259631
wsWalking,B,60.848944719490405,58.27982400221061,87.69309483779074
wsWalking,B,60.863764943246665,58.609423156778305,89.57394890701497
wsWalking,B,56.56429739744665,50.06737779866895,88.69932210288873
wsWalking,B,59.74305644170458,52.36415187546197,87.91763976960135
wsWalking,B,54.80777604489235,52.94177594516518,85.5214230018216
wsWalking,B,56.49590672597927,55.118285739619985,90.21293118421887
wsWalking,B,56.53640267138132,53.634046139600265,88.96395304217936
wsWalking,B,60.339446343782974,57.75284784116992,89.05407892251822
wsWalking,B,58.652149746741145,57.26357708659496,83.75360641724886
wsWalking,B,56.02907564014648,54.252549109337714,89.65572965419187
wsWalking,B,57.03060860608951,51.498257956045705,88.06715402352955
wsWalking,B,60.168352416113365,54.13785846640525,83.64777058293093
wsWalking,B,60.80158847440196,48.52673671638431,89.69660552972303
wsWalking,B,59.849287239303536,48.871201656597634,85.7364720171545
wsWalking,B,55.47148480396461,48.0124862287204,91.78944675122047
wsWalking,B,56.53686753776468,48.944211446894386,87.6905991269192
wsWalking,B,57.79777245412059,54.24109167929406,82.08700889222881
wsWalking,B,57.248114896115595,53.613679909590914,84.60700661871257
wsWalking,B,65.021846356387,61.25921562891607,85.52846251805279
wsWalking,B,66.54527520034972,61.85418797123278,88.2774588631914
wsWalking,B,57.7484189213253,54.24720873551337,81.70558098104429
wsWalking,B,56.33441693602772,52.636635957595836,88.54929323297169
wsWalking,B,60.96248066455618,54.515833226361856,84.9533666742762
wsWalking,B,60.201608063119146,52.995834162203096,82.82724250420974
wsWalking,B,55.59818999551947,52.7087577096076,89.62807006152707
wsWalking,B,54.60630134926878,51.62270431840955,88.65790050497002
wsWalking,B,57.51340157998644,57.39679265960682,83.05123580484825
wsWalking,B,57.94824085247826,58.14131583872115,83.39172037718177
wsWalking,B,56.35113331470802,49.036349324215664,81.29194635397874
wsWalking,B,56.25958272550162,48.316989251828325,82.30241385162273
wsWalking,B,57.469429244713275,56.109609431572984,89.25491576557755
wsWalking,B,58.27663276749158,56.64867422859617,87.03486743071556
wsWalking,B,61.51006116721945,57.46450918823235,88.47194687945463
wsWalking,B,59.73559195066574,55.505490772706764,92.89229455935617
hallway,A,24.230997381199632,18.729398456057282,23.28485264646472
hallway,A,25.12340921302099,19.415298454224576,23.996077469929862
hallway,A,23.147965747170204,17.815169508318515,22.528625821974224
hallway,A,24.314490813468524,18.934256890364193,23.70873981209126
hallway,A,30.385908922010113,20.399591171189215,27.963617508276148
hallway,A,25.943487670081414,18.00086276995983,24.876432053319082
hallway,A,34.1654625766878,28.956266716603444,32.532731903424114
hallway,A,34.696398532586684,29.53141710030921,33.23298985257027
hallway,A,26.123582671511677,23.580812550597095,25.620659064271365
hallway,A,23.8028732541071,21.494962111454242,23.357030049074694
hallway,A,29.009994260278063,24.423095287064385,27.655837791043844
hallway,A,26.353746908769136,22.10279625606684,25.40606866126687
hallway,A,25.730905904142517,19.715704964115215,24.854086154053647
hallway,A,27.802450206861938,21.195840451920233,27.00594777725064
hallway,A,21.61821107613182,17.6116368657066,20.969563396183077
hallway,A,23.47355775447122,18.957445682346904,22.57749067867302
hallway,A,35.331571705838925,29.07211774241231,32.846979976993424
hallway,A,35.096907684674974,28.737036545601995,32.91124691621692
hallway,A,26.36508896582738,25.37787729598221,25.303997613914415
hallway,A,25.202869918419072,24.21969564256661,24.14644397579547
hallway,A,25.878414687590606,19.848897549845375,24.58407380668683
hallway,A,33.57126437380579,27.44654373556845,31.4736575223598
hallway,A,24.113978797184217,20.173457184320842,23.500772385996516
hallway,A,21.78511359595819,18.326159409897514,21.1798945271616
hallway,A,27.48515225797716,25.50938674260388,25.37280556077212
hallway,A,26.32991514868424,23.57524579338931,24.451173962230193
hallway,A,22.224369642808224,22.06570304105808,21.68437302661942
hallway,A,25.576994873642175,24.919047190570158,24.676099715943852
hallway,A,30.47151599926541,23.307323496634304,29.475882799193133
hallway,A,31.8927512036578,24.21942917363264,30.50160300563705
hallway,A,28.38413779887555,27.050944444701337,27.012483089988397
hallway,A,33.13417634912822,31.909617318302114,30.422124600569415
hallway,A,26.151889140099875,23.142672076601983,24.08953113114829
hallway,A,41.1122238908587,37.11062312853037,36.06457045823799
hallway,A,31.01503847230839,22.950262805581282,29.25492087567619
hallway,A,31.34745565545351,24.645365014329037,29.810610360790918
hallway,A,30.17106659324283,27.29690912448609,28.902515308022288
hallway,A,27.93598626557532,24.912014937066566,26.72430517639564
hallway,A,29.213965765390885,20.08325348011337,28.495903274304176
hallway,A,29.859586108361608,21.343314562346126,29.12400172680389
hallway,A,28.04101760961609,24.512623865589696,27.1518457987076
hallway,A,27.64571496913145,24.11592986211743,26.66998977014143
hallway,A,35.51238301441948,25.545433250043896,33.70786962818922
hallway,A,33.340674603554326,23.407364268626086,32.10557178745135
hallway,A,18.361456768289887,15.629804025206264,17.86820767574349
hallway,A,19.899000377835886,16.833924164151654,19.24648370343602
hallway,B,23.845207426124553,21.00003230697763,23.216920917458907
hallway,B,20.899178187762598,18.69236493407525,20.42091092839512
hallway,B,39.757966373918414,27.68604559822292,35.49204135743336
hallway,B,37.36104815883252,25.934348728277936,34.24726477172426
hallway,B,16.544128537606444,15.050324063837992,16.206688615933007
hallway,B,17.605290748100405,15.829041897616765,17.225761068421686
hallway,B,29.488687485373926,19.095714709942733,27.97946338192694
hallway,B,25.42021324586343,16.066931771116412,23.859158970680646
hallway,B,24.771071284116598,18.474503762446282,23.96228069475213
hallway,B,23.93432772395077,19.082208510354285,23.27082168828313
hallway,B,23.195671967482024,21.0564917164968,22.51647301130608
hallway,B,22.61941177903654,20.407453356536568,21.863723040519044
hallway,B,30.172487780845923,24.36700304724291,28.680039008879657
hallway,B,26.312876254473778,21.31764334190398,25.198034184780138
hallway,B,35.69131086730544,28.526822568273946,32.69816947635902
hallway,B,27.25154984931384,21.143165051343864,25.516269209356903
hallway,B,22.65038394859122,25.7874801775285,21.905413088569198
hallway,B,28.57982786661121,30.574113119139252,27.227519093560698
hallway,B,25.668115993022386,20.911077060151015,24.846084405344996
hallway,B,25.387997019092374,20.81872948053393,24.55989072626076
hallway,B,26.513288140036888,21.030539173234743,25.200560575992654
hallway,B,27.51412404257862,22.279475827552435,26.401666856926358
hallway,B,32.34412967428484,28.159717848483105,30.448392747705142
hallway,B,27.177336938810853,23.310384728284568,25.828101056606343
hallway,B,26.728970821266902,15.015538675070287,26.151548190538755
hallway,B,29.729329443871556,17.742043245041852,28.932215140191182
hallway,B,26.75924768761823,20.36281184041647,25.67351752150624
hallway,B,28.45471318924677,21.573151797678726,26.953944998172197
hallway,B,26.856151656540455,23.71068557085377,25.5054374826398
hallway,B,25.525396418577174,22.492302084371595,24.350156664092417
hallway,B,33.22544518328541,16.855136127921668,30.97210245504022
hallway,B,33.48748214882066,16.230883164390363,31.524075270779697
hallway,B,25.068548146274615,21.036948085855013,24.426812426844375
hallway,B,24.806765261264545,20.899719084278292,24.10480900998187
hallway,B,30.797882229126493,26.756210601436155,29.598264612852905
hallway,B,26.320463026285665,22.708361075013592,25.601765283979947
hallway,B,27.75810144690865,23.396963567822,26.84869403926429
hallway,B,25.30343779527374,21.441847693967766,24.594376284404238
hallway,B,24.586939963186882,19.79092674084705,23.90203589833587
hallway,B,26.540934211879136,21.615417061698352,25.724061949901092
hallway,B,22.315202708381314,17.6115240591748,21.412084074843268
hallway,B,20.705897043550813,17.316639581611177,20.046747831214876
hallway,B,27.837046834070538,23.928674663461955,26.47122418178304
hallway,B,29.57398419403024,25.73919710693807,28.119107577206314
hallway,B,30.6615948079224,24.818727529175536,29.300724217238496
hallway,B,30.48492322779119,24.659903598236927,28.887175640541866
